
{
	"telemetry": {
		"eva_time": 1,
		"eva1": {
			"batt_time_left": 3007.299805,
			"oxy_pri_storage": 21.443722,
			"oxy_sec_storage": 17.566311,
			"oxy_pri_pressure": 0.000000,
			"oxy_sec_pressure": 526.983215,
			"oxy_time_left": 4213,
			"heart_rate": 90.000000,
			"oxy_consumption": 0.102308,
			"co2_production": 0.099514,
			"suit_pressure_oxy": 3.072353,
			"suit_pressure_co2": 0.002460,
			"suit_pressure_other": 11.554200,
			"suit_pressure_total": 14.629013,
			"fan_pri_rpm": 0.000000,
			"fan_sec_rpm": 22358.115234,
			"helmet_pressure_co2": 0.001493,
			"scrubber_a_co2_storage": 0.000000,
			"scrubber_b_co2_storage": 0.338995,
			"temperature": 71.627464,
			"coolant_ml": 18.285448,
			"coolant_gas_pressure": 0.000000,
			"coolant_liquid_pressure": 100.749252
		},
		"eva2": {
			"batt_time_left": 4145.085449,
			"oxy_pri_storage": 21.913557,
			"oxy_sec_storage": 22.940706,
			"oxy_pri_pressure": 0.005283,
			"oxy_sec_pressure": 688.218201,
			"oxy_time_left": 4844,
			"heart_rate": 90.000000,
			"oxy_consumption": 0.097676,
			"co2_production": 0.095946,
			"suit_pressure_oxy": 3.072345,
			"suit_pressure_cO2": 0.002779,
			"suit_pressure_other": 11.554200,
			"suit_pressure_total": 14.629324,
			"fan_pri_rpm": 0.000000,
			"fan_sec_rpm": 19722.869141,
			"helmet_pressure_co2": 0.001439,
			"scrubber_a_co2_storage": 0.000000,
			"scrubber_b_co2_storage": 0.314092,
			"temperature": 76.712990,
			"coolant_ml": 12.028766,
			"coolant_gas_pressure": 0.000000,
			"coolant_liquid_pressure": 70.981743
		}
	}
}