
{
	"telemetry": {
		"eva_time": 21,
		"eva1": {
			"batt_time_left": 3007.299805,
			"oxy_pri_storage": 21.443722,
			"oxy_sec_storage": 17.381126,
			"oxy_pri_pressure": 0.002155,
			"oxy_sec_pressure": 521.440552,
			"oxy_time_left": 4193,
			"heart_rate": 90.000000,
			"oxy_consumption": 0.100931,
			"co2_production": 0.104956,
			"suit_pressure_oxy": 3.072320,
			"suit_pressure_co2": 0.001184,
			"suit_pressure_other": 11.554200,
			"suit_pressure_total": 14.627705,
			"fan_pri_rpm": 0.000000,
			"fan_sec_rpm": 30001.000000,
			"helmet_pressure_co2": 0.027831,
			"scrubber_a_co2_storage": 0.000000,
			"scrubber_b_co2_storage": 0.947851,
			"temperature": 72.304840,
			"coolant_ml": 18.285448,
			"coolant_gas_pressure": 0.000000,
			"coolant_liquid_pressure": 101.702026
		},
		"eva2": {
			"batt_time_left": 4145.085449,
			"oxy_pri_storage": 21.913557,
			"oxy_sec_storage": 22.755520,
			"oxy_pri_pressure": 0.000000,
			"oxy_sec_pressure": 682.666870,
			"oxy_time_left": 4824,
			"heart_rate": 90.000000,
			"oxy_consumption": 0.103992,
			"co2_production": 0.106319,
			"suit_pressure_oxy": 3.072314,
			"suit_pressure_cO2": 0.001291,
			"suit_pressure_other": 11.554200,
			"suit_pressure_total": 14.627806,
			"fan_pri_rpm": 0.000000,
			"fan_sec_rpm": 30001.000000,
			"helmet_pressure_co2": 0.026716,
			"scrubber_a_co2_storage": 0.000000,
			"scrubber_b_co2_storage": 0.920156,
			"temperature": 77.574547,
			"coolant_ml": 12.028766,
			"coolant_gas_pressure": 0.000000,
			"coolant_liquid_pressure": 71.778931
		}
	}
}