
{
	"telemetry": {
		"eva_time": 18,
		"eva1": {
			"batt_time_left": 5077.148926,
			"oxy_pri_storage": 23.755802,
			"oxy_sec_storage": 15.322863,
			"oxy_pri_pressure": 0.005270,
			"oxy_sec_pressure": 459.678375,
			"oxy_time_left": 4220,
			"heart_rate": 90.000000,
			"oxy_consumption": 0.103889,
			"co2_production": 0.106281,
			"suit_pressure_oxy": 3.072336,
			"suit_pressure_co2": 0.001155,
			"suit_pressure_other": 11.554200,
			"suit_pressure_total": 14.627691,
			"fan_pri_rpm": 0.000000,
			"fan_sec_rpm": 30001.000000,
			"helmet_pressure_co2": 0.024241,
			"scrubber_a_co2_storage": 0.000000,
			"scrubber_b_co2_storage": 0.832395,
			"temperature": 72.391464,
			"coolant_ml": 20.508068,
			"coolant_gas_pressure": 0.000000,
			"coolant_liquid_pressure": 114.200706
		},
		"eva2": {
			"batt_time_left": 3384.893799,
			"oxy_pri_storage": 24.231962,
			"oxy_sec_storage": 19.252468,
			"oxy_pri_pressure": 0.003182,
			"oxy_sec_pressure": 577.569580,
			"oxy_time_left": 4696,
			"heart_rate": 90.000000,
			"oxy_consumption": 0.106882,
			"co2_production": 0.104624,
			"suit_pressure_oxy": 3.072326,
			"suit_pressure_cO2": 0.001237,
			"suit_pressure_other": 11.554200,
			"suit_pressure_total": 14.627763,
			"fan_pri_rpm": 0.000000,
			"fan_sec_rpm": 30000.998047,
			"helmet_pressure_co2": 0.023127,
			"scrubber_a_co2_storage": 0.000000,
			"scrubber_b_co2_storage": 0.810335,
			"temperature": 77.300102,
			"coolant_ml": 22.034748,
			"coolant_gas_pressure": 0.000000,
			"coolant_liquid_pressure": 131.022171
		}
	}
}